date,open,high,low,close,volume,amount
2022-08-03,2.766,2.826,2.749,2.761,36991175,3652883373.808
2022-08-04,2.764,2.789,2.732,2.775,23099242,2250869400.997
2022-08-05,2.781,2.835,2.778,2.829,29877627,2948184826.492
2022-08-08,2.82,2.86,2.82,2.855,27973391,2800631513.659
2022-08-09,2.852,2.872,2.84,2.869,25292712,2545813309.238
2022-08-10,2.866,2.883,2.855,2.874,21144319,2139106015.109
2022-08-11,2.883,2.914,2.874,2.911,23659626,2413834761.404
2022-08-12,2.908,2.92,2.88,2.886,21447314,2193562576.938
2022-08-15,2.874,2.914,2.869,2.9,22585725,2305670069.536
2022-08-16,2.9,2.94,2.9,2.917,22620743,2326492309.047
2022-08-17,2.917,2.931,2.9,2.926,21434806,2202005852.608
2022-08-18,2.917,2.94,2.914,2.934,21506813,2214090851.022
2022-08-19,2.931,2.943,2.883,2.886,21099608,2163037084.138
2022-08-22,2.877,2.911,2.857,2.903,22002026,2238676417.295
2022-08-23,2.894,2.914,2.891,2.911,21737419,2221965169.035
2022-08-24,2.908,2.917,2.801,2.812,23878524,2394592700.163
2022-08-25,2.812,2.818,2.766,2.798,22734755,2232375534.962
2022-08-26,2.798,2.829,2.778,2.789,19229051,1901640971.087
2022-08-29,2.764,2.803,2.744,2.801,18918025,1856025725.642
2022-08-30,2.798,2.801,2.772,2.783,21301039,2089536199.08
2022-08-31,2.772,2.783,2.684,2.69,22950276,2200537635.033
2022-09-01,2.681,2.721,2.67,2.678,21251272,2017159589.706
2022-09-02,2.681,2.715,2.673,2.701,19469432,1848076577.658
2022-09-05,2.701,2.73,2.684,2.707,19375030,1843958845.323
2022-09-06,2.707,2.758,2.704,2.758,19358002,1863194393.412
2022-09-07,2.749,2.786,2.744,2.775,21470153,2095666718.495
2022-09-08,2.769,2.783,2.749,2.752,19871761,1933342760.405
2022-09-09,2.747,2.764,2.735,2.761,21257507,2059699937.07
2022-09-13,2.761,2.778,2.744,2.752,19481823,1888808512.515
2022-09-14,2.721,2.732,2.707,2.724,21066940,2018702669.137
2022-09-15,2.724,2.738,2.607,2.639,24229630,2271939009.682
2022-09-16,2.63,2.644,2.585,2.588,21828472,2011292344.037
2022-09-19,2.585,2.596,2.542,2.553,19349154,1746934558.376
2022-09-20,2.556,2.613,2.556,2.582,17253683,1571936270.847
2022-09-21,2.57,2.599,2.545,2.585,19250383,1746574139.515
2022-09-22,2.562,2.616,2.562,2.588,17747472,1621578680.526
2022-09-23,2.579,2.599,2.517,2.536,20056001,1802571205.348
2022-09-26,2.522,2.556,2.505,2.508,21380800,1904702762.45
2022-09-27,2.508,2.556,2.508,2.556,21536484,1916356566.891
2022-09-28,2.545,2.553,2.48,2.482,19142815,1690877477.249
2022-09-29,2.505,2.519,2.468,2.488,21400231,1883699310.091
2022-09-30,2.48,2.494,2.44,2.446,20014630,1736020149.554
2022-10-10,2.44,2.454,2.377,2.389,19514838,1662691697.737
2022-10-11,2.386,2.411,2.372,2.4,18578975,1564550111.826
2022-10-12,2.403,2.468,2.36,2.468,20825086,1757184859.413
2022-10-13,2.451,2.519,2.448,2.494,20667183,1816975340.733
2022-10-14,2.517,2.568,2.508,2.559,21114284,1892354455.458
2022-10-17,2.536,2.588,2.536,2.579,18585055,1678358227.416
2022-10-18,2.596,2.613,2.565,2.59,19788440,1804390992.62
2022-10-19,2.582,2.61,2.576,2.579,19345538,1764352250.273
2022-10-20,2.573,2.607,2.525,2.565,21547480,1943885090.023
2022-10-21,2.562,2.585,2.545,2.57,19382586,1750779145.446
2022-10-24,2.573,2.624,2.522,2.548,21174998,1918903414.249
2022-10-25,2.539,2.556,2.491,2.539,19880474,1768637839.901
2022-10-26,2.539,2.619,2.534,2.593,22017086,2003133183.668
2022-10-27,2.613,2.613,2.57,2.579,21967486,2006334316.281
2022-10-28,2.568,2.576,2.477,2.488,23072553,2054849594.076
2022-10-31,2.485,2.536,2.471,2.511,19479591,1718986427.472
2022-11-01,2.502,2.576,2.502,2.576,19824043,1772325490.437
2022-11-02,2.562,2.616,2.562,2.602,20337986,1857183094.136
2022-11-03,2.59,2.627,2.573,2.619,19999609,1837793313.768
2022-11-04,2.616,2.684,2.616,2.681,21665934,2028983877.635
2022-11-07,2.678,2.695,2.653,2.676,20720450,1951419834.786
2022-11-08,2.673,2.676,2.65,2.673,17713246,1658505931.748
2022-11-09,2.667,2.69,2.653,2.664,18290841,1718070861.249
2022-11-10,2.636,2.656,2.627,2.636,18546108,1724635130.553
2022-11-11,2.684,2.715,2.647,2.65,20238539,1904386496.457
2022-11-14,2.649,2.673,2.619,2.63,8549887,1701266446.369
2022-11-15,2.633,2.691,2.625,2.691,8851903,1775930869.328
2022-11-16,2.691,2.701,2.667,2.671,8008965,1614810660.825
2022-11-17,2.659,2.678,2.645,2.677,8924945,1782131972.539
2022-11-18,2.673,2.694,2.649,2.658,8709254,1753733315.044
2022-11-21,2.651,2.669,2.629,2.666,8941877,1782672031.31
2022-11-22,2.657,2.667,2.611,2.625,9393769,1868336920.663
2022-11-23,2.611,2.629,2.57,2.617,8755558,1714025229.71
2022-11-24,2.619,2.635,2.61,2.627,8514548,1679944388.126
2022-11-25,2.629,2.629,2.595,2.601,7468085,1463504836.183
2022-11-28,2.58,2.594,2.549,2.587,8031058,1558909732.369
2022-11-29,2.593,2.639,2.593,2.629,8568139,1688487299.15
2022-11-30,2.629,2.638,2.613,2.625,7906881,1562493536.006
2022-12-01,2.657,2.671,2.645,2.655,8455943,1692096039.663
2022-12-02,2.657,2.683,2.651,2.662,8254556,1656189149.53
2022-12-05,2.687,2.687,2.658,2.675,8140693,1634775200.5
2022-12-06,2.669,2.686,2.655,2.67,8384587,1683970552.385
2022-12-07,2.67,2.686,2.659,2.671,8097498,1628863376.954
2022-12-08,2.659,2.671,2.647,2.655,8210336,1642709756.404
2022-12-09,2.65,2.67,2.639,2.662,7548335,1509169299.593
2022-12-12,2.662,2.666,2.637,2.655,7020736,1400390849.61
2022-12-13,2.655,2.657,2.627,2.633,6775790,1342839744.259
2022-12-14,2.633,2.643,2.609,2.619,8089217,1596824645.238
2022-12-15,2.621,2.633,2.61,2.627,6984124,1377786670.914
2022-12-16,2.615,2.623,2.59,2.605,7433024,1454164981.788
2022-12-19,2.606,2.61,2.54,2.553,8086499,1563312473.288
2022-12-20,2.54,2.549,2.52,2.524,9159595,1745377932.321
2022-12-21,2.534,2.534,2.489,2.51,8749177,1652761266.28
2022-12-22,2.51,2.518,2.459,2.469,7414837,1392961451.366
2022-12-23,2.459,2.476,2.437,2.455,7809009,1445232584.348
2022-12-26,2.453,2.504,2.453,2.497,7336312,1373425899.971
2022-12-27,2.502,2.518,2.49,2.517,7197766,1355720671.368
2022-12-28,2.512,2.512,2.492,2.5,6661034,1252449092.91
2022-12-29,2.486,2.518,2.486,2.498,7203279,1356312485.104
2022-12-30,2.513,2.513,2.493,2.506,7436862,1399940831.244
2023-01-03,2.493,2.564,2.493,2.556,8200941,1562613729.683
2023-01-04,2.566,2.566,2.541,2.556,7625034,1464774746.858
2023-01-05,2.556,2.585,2.553,2.584,6810142,1318469055.106
2023-01-06,2.585,2.603,2.578,2.589,6092477,1188209124.387
2023-01-09,2.585,2.615,2.585,2.598,6880497,1347418243.17
2023-01-10,2.603,2.607,2.587,2.602,6410537,1253644059.444
2023-01-11,2.602,2.613,2.581,2.585,7040247,1376181548.111
2023-01-12,2.595,2.605,2.577,2.585,7462147,1453027073.648
2023-01-13,2.598,2.599,2.58,2.599,7877285,1532454957.271
2023-01-16,2.601,2.642,2.599,2.622,9130217,1803303306.364
2023-01-17,2.619,2.639,2.619,2.625,7243357,1433027903.569
2023-01-18,2.625,2.645,2.625,2.635,6625534,1313904483.69
2023-01-19,2.635,2.665,2.621,2.661,7759106,1545306613.627
2023-01-20,2.661,2.687,2.661,2.686,7438705,1498561864.361
2023-01-30,2.728,2.732,2.698,2.701,8394617,1711706814.027
2023-01-31,2.701,2.718,2.693,2.71,7892996,1607941626.264
2023-02-01,2.722,2.751,2.71,2.75,9127627,1873307991.186
2023-02-02,2.759,2.775,2.748,2.758,7907097,1643238504.976
2023-02-03,2.756,2.76,2.718,2.756,8276697,1705866524.853
2023-02-06,2.744,2.756,2.727,2.746,7701976,1587241919.097
2023-02-07,2.746,2.756,2.73,2.755,8504268,1755012674.257
2023-02-08,2.751,2.762,2.736,2.74,6406189,1324727190.289
2023-02-09,2.728,2.791,2.728,2.791,6488974,1349882201.575
2023-02-10,2.788,2.795,2.754,2.779,8326887,1736764683.483
2023-02-13,2.767,2.804,2.767,2.804,6792986,1428361762.263
2023-02-14,2.804,2.812,2.794,2.81,6191875,1305352874.805
2023-02-15,2.808,2.816,2.799,2.811,6154926,1299538889.095
2023-02-16,2.815,2.826,2.74,2.756,6969328,1467475942.233
2023-02-17,2.762,2.767,2.73,2.732,5728383,1183624161.661
2023-02-20,2.727,2.768,2.714,2.767,6236476,1282892855.645
2023-02-21,2.767,2.792,2.758,2.776,4682969,978610031.444
2023-02-22,2.775,2.794,2.766,2.787,4184203,875224526.738
2023-02-23,2.787,2.792,2.755,2.772,5246244,1094554562.489
2023-02-24,2.772,2.783,2.747,2.764,5031276,1045212839.886
2023-02-27,2.755,2.764,2.734,2.746,6098394,1261547194.043
2023-02-28,2.74,2.772,2.734,2.772,6217936,1288481160.197
2023-03-01,2.772,2.787,2.756,2.784,4932129,1029294258.791
2023-03-02,2.783,2.795,2.77,2.778,5457100,1140068710.195
2023-03-03,2.776,2.788,2.754,2.772,5601670,1166219841.879
2023-03-06,2.764,2.79,2.758,2.78,4745999,989500805.613
2023-03-07,2.78,2.78,2.728,2.731,6237546,1292787318.988
2023-03-08,2.711,2.746,2.711,2.739,5809962,1194786363.79
2023-03-09,2.739,2.746,2.724,2.742,6312743,1299835550.341
2023-03-10,2.714,2.735,2.705,2.71,5757927,1176940615.562
2023-03-13,2.707,2.722,2.685,2.719,6269981,1273660184.697
2023-03-14,2.712,2.718,2.665,2.694,5911683,1196644482.474
2023-03-15,2.703,2.724,2.701,2.706,5606565,1143982617.641
2023-03-16,2.687,2.706,2.659,2.666,6853748,1382540218.823
2023-03-17,2.669,2.703,2.669,2.682,6228376,1259303783.229
2023-03-20,2.682,2.693,2.665,2.678,5712416,1151433567.504
2023-03-21,2.678,2.708,2.678,2.705,6156341,1248561422.725
2023-03-22,2.711,2.724,2.708,2.72,4842150,989573956.479
2023-03-23,2.72,2.731,2.712,2.727,4966602,1016457300.827
2023-03-24,2.735,2.736,2.716,2.731,4817538,989007646.334
2023-03-27,2.732,2.743,2.718,2.738,4050857,832525695.433
2023-03-28,2.744,2.744,2.716,2.719,5694653,1167337315.777
2023-03-29,2.722,2.726,2.703,2.71,5737325,1170577669.215
2023-03-30,2.711,2.712,2.69,2.712,5580024,1133686336.011
2023-03-31,2.716,2.736,2.711,2.736,5506762,1129134851.356
2023-04-03,2.736,2.772,2.736,2.77,6140545,1271492610.292
2023-04-04,2.782,2.782,2.752,2.767,4462169,927450725.188
2023-04-06,2.76,2.78,2.756,2.776,4538573,946254902.513
2023-04-07,2.787,2.806,2.778,2.803,4066625,854993471.288
2023-04-10,2.804,2.811,2.771,2.776,4430217,927756519.897
2023-04-11,2.786,2.79,2.766,2.776,4994172,1041881477.147
2023-04-12,2.78,2.794,2.776,2.791,5052719,1059122874.191
2023-04-13,2.799,2.799,2.774,2.778,4154179,869340090.23
2023-04-14,2.782,2.795,2.768,2.792,5477368,1146818873.433
2023-04-17,2.799,2.799,2.783,2.792,3377793,708703586.544
2023-04-18,2.799,2.799,2.772,2.783,4454294,931405694.357
2023-04-19,2.782,2.79,2.77,2.772,4305234,901055956.32
2023-04-20,2.775,2.775,2.756,2.774,4359019,906129740.841
2023-04-21,2.788,2.788,2.701,2.702,5444320,1119740010.557
2023-04-24,2.707,2.71,2.669,2.681,6834078,1379577815.803
2023-04-25,2.679,2.679,2.599,2.633,5598941,1111182297.985
2023-04-26,2.638,2.651,2.623,2.639,5460091,1083643208.158
2023-04-27,2.647,2.662,2.63,2.643,5849896,1163036939.336
2023-04-28,2.657,2.683,2.645,2.683,4906115,983821437.165
2023-05-04,2.677,2.687,2.659,2.681,4978014,1001380998.233
2023-05-05,2.683,2.683,2.635,2.654,5267973,1049134459.711
2023-05-08,2.667,2.679,2.655,2.67,5181249,1038831095.184
2023-05-09,2.679,2.679,2.635,2.637,4666494,932727581.813
2023-05-10,2.646,2.653,2.623,2.643,5582082,1106780036.521
2023-05-11,2.646,2.651,2.633,2.639,4719326,937875984.481
2023-05-12,2.657,2.657,2.605,2.61,4982899,982876175.619
2023-05-15,2.614,2.626,2.58,2.623,5429337,1062088022.356
2023-05-16,2.629,2.629,2.593,2.601,4962103,972375597.025
2023-05-17,2.603,2.618,2.595,2.613,4865990,953691958.418
2023-05-18,2.621,2.629,2.61,2.625,4728451,932014052.984
2023-05-19,2.626,2.645,2.609,2.638,4306355,851856228.469
2023-05-22,2.638,2.639,2.614,2.633,4371240,863933558.495
2023-05-23,2.63,2.638,2.607,2.611,4876577,962636026.787
2023-05-24,2.625,2.625,2.589,2.601,4611192,904110477.138
2023-05-25,2.602,2.615,2.566,2.597,5401504,1051084153.636
2023-05-26,2.602,2.623,2.576,2.615,4842230,947465503.934
2023-05-29,2.626,2.631,2.601,2.611,4923734,968867806.629
2023-05-30,2.617,2.626,2.582,2.623,5889197,1153948914.393
2023-05-31,2.623,2.629,2.605,2.623,4516393,889078322.744
2023-06-01,2.618,2.645,2.606,2.63,4782492,946871394.455
2023-06-02,2.642,2.657,2.63,2.651,4447061,886404718.415
2023-06-05,2.651,2.658,2.637,2.651,3615086,720668691.212
2023-06-06,2.654,2.654,2.589,2.594,4309050,850181430.892
2023-06-07,2.61,2.61,2.589,2.594,4011158,784033596.936
2023-06-08,2.599,2.599,2.564,2.582,4141651,803016482.314
2023-06-09,2.572,2.604,2.572,2.602,3465725,896507325.741
2023-06-12,2.6,2.62,2.595,2.612,3522343,919417999.593
2023-06-13,2.604,2.625,2.604,2.622,3017587,790571607.313
2023-06-14,2.626,2.638,2.619,2.63,3135776,824191176.585
2023-06-15,2.636,2.653,2.629,2.644,3113505,822483522.315
2023-06-16,2.653,2.675,2.645,2.667,3254625,867362704.955
2023-06-19,2.686,2.686,2.666,2.68,3232028,865186986.34
2023-06-20,2.684,2.689,2.67,2.679,2880657,772022289.524
2023-06-21,2.673,2.676,2.628,2.63,3422233,907546477.603
2023-06-26,2.622,2.622,2.57,2.581,5595354,1451780396.23
2023-06-27,2.599,2.613,2.579,2.606,3335642,866841687.122
2023-06-28,2.595,2.606,2.556,2.599,3644566,938763367.387
2023-06-29,2.59,2.621,2.59,2.615,3356413,875144548.43
2023-06-30,2.622,2.656,2.61,2.649,3165458,835564985.707
2023-07-03,2.648,2.666,2.637,2.647,3090514,818936814.968
2023-07-04,2.665,2.665,2.608,2.66,3390965,900238252.182
2023-07-05,2.66,2.661,2.637,2.641,2709274,718541976.201
2023-07-06,2.632,2.658,2.629,2.635,3084555,814855661.572
2023-07-07,2.64,2.64,2.605,2.618,2709834,709242604.209
2023-07-10,2.648,2.648,2.611,2.62,2925536,766797441.894
2023-07-11,2.635,2.642,2.616,2.641,3039862,799325881.4
2023-07-12,2.649,2.649,2.603,2.605,3353007,879115644.235
2023-07-13,2.613,2.634,2.612,2.627,3504825,918762546.934
2023-07-14,2.626,2.637,2.626,2.626,2911453,766317859.056
2023-07-17,2.625,2.625,2.601,2.617,3265836,852115756.284
2023-07-18,2.622,2.626,2.604,2.615,3254494,850327588.375
2023-07-19,2.609,2.622,2.596,2.607,3133761,816961478.63
2023-07-20,2.615,2.619,2.571,2.575,3509872,912557210.843
2023-07-21,2.58,2.591,2.564,2.574,3461004,891976395.758
2023-07-24,2.574,2.589,2.561,2.569,3535774,910793567.989
2023-07-25,2.586,2.614,2.585,2.61,3778274,983791817.189
2023-07-26,2.61,2.61,2.589,2.596,2806937,728980844.254
2023-07-27,2.599,2.604,2.571,2.577,2849500,737378883.704
2023-07-28,2.573,2.604,2.562,2.598,3682744,951743790.534
2023-07-31,2.601,2.635,2.598,2.615,3904895,1023887971.994
2023-08-01,2.605,2.622,2.605,2.611,2918373,762566116.544
2023-08-02,2.611,2.616,2.598,2.608,3558395,927314005.376
2023-08-03,2.602,2.61,2.594,2.608,3592522,935110280.863
2023-08-04,2.628,2.638,2.611,2.623,3547553,931727365.129
2023-08-07,2.622,2.629,2.609,2.615,3514778,919028203.266
2023-08-08,2.601,2.613,2.591,2.602,2951307,767499714.325
2023-08-09,2.601,2.601,2.577,2.582,3285375,850086839.46
2023-08-10,2.582,2.588,2.566,2.579,3528875,909621544.428
2023-08-11,2.581,2.581,2.533,2.536,4156623,1061499148.579
2023-08-14,2.52,2.543,2.497,2.541,4101863,1033466919.412
2023-08-15,2.552,2.552,2.493,2.517,4856953,1221700466.108
2023-08-16,2.49,2.517,2.487,2.49,3613491,904077466.798
2023-08-17,2.485,2.517,2.463,2.513,5006350,1250239278.484
2023-08-18,2.532,2.535,2.46,2.461,4365181,1087116852.437
2023-08-21,2.457,2.476,2.432,2.432,4826242,1187047746.358
2023-08-22,2.438,2.457,2.405,2.45,4916079,1196569922.978
2023-08-23,2.446,2.446,2.397,2.405,2954038,715384406.01
2023-08-24,2.408,2.433,2.391,2.407,3329459,802141316.516
2023-08-25,2.399,2.407,2.355,2.369,5193784,1238799470.673
2023-08-28,2.479,2.495,2.372,2.384,5520324,1340088922.384
2023-08-29,2.366,2.464,2.366,2.456,5793433,1406374816.061
2023-08-30,2.472,2.489,2.451,2.464,4649827,1148345744.911
2023-08-31,2.458,2.465,2.444,2.454,3478233,853443361.51
2023-09-01,2.461,2.469,2.44,2.453,3280601,805360654.163
2023-09-04,2.479,2.492,2.453,2.492,3440335,850539132.352
2023-09-05,2.493,2.494,2.472,2.477,3694078,915991159.888
2023-09-06,2.47,2.494,2.454,2.486,2729904,675690977.877
2023-09-07,2.485,2.485,2.443,2.444,3429426,844086028.643
2023-09-08,2.43,2.461,2.429,2.448,4387027,1074912325.06
2023-09-11,2.458,2.493,2.442,2.483,4201822,1038946205.171
2023-09-12,2.486,2.494,2.478,2.484,2085456,518343318.076
2023-09-13,2.486,2.486,2.433,2.449,3591295,880505892.866
2023-09-14,2.45,2.45,2.427,2.442,2893420,705627106.016
2023-09-15,2.453,2.459,2.428,2.44,2888019,705059630.294
2023-09-18,2.441,2.456,2.425,2.446,3386499,827579427.974
2023-09-19,2.448,2.448,2.417,2.427,4628282,1122400087.314
2023-09-20,2.427,2.429,2.405,2.407,2614328,632103528.284
2023-09-21,2.407,2.413,2.382,2.388,2859777,685165757.159
2023-09-22,2.387,2.436,2.382,2.436,3143400,757773462.13
2023-09-25,2.436,2.436,2.416,2.424,3278269,793869073.03
2023-09-26,2.42,2.426,2.411,2.411,1899666,459122769.551
2023-09-27,2.44,2.44,2.408,2.426,2784530,676323943.772
2023-09-28,2.428,2.445,2.428,2.444,4796043,1169133778.29
2023-10-09,2.445,2.446,2.419,2.436,2913401,708570083.465
2023-10-10,2.451,2.451,2.424,2.427,2622074,637435165.988
2023-10-11,2.43,2.455,2.425,2.432,3452146,841584860.458
2023-10-12,2.444,2.452,2.434,2.451,2216130,541614928.934
2023-10-13,2.436,2.446,2.436,2.445,2012191,491335335.764
2023-10-16,2.451,2.451,2.41,2.42,2332143,564663605.69
2023-10-17,2.419,2.42,2.398,2.414,2426771,584006973.219
2023-10-18,2.422,2.422,2.37,2.373,3113799,741544100.811
2023-10-19,2.357,2.381,2.346,2.35,2289421,541164295.409
2023-10-20,2.338,2.355,2.316,2.326,2509907,585324378.388
2023-10-23,2.319,2.319,2.252,2.259,3270543,745409947.818
2023-10-24,2.28,2.306,2.257,2.294,2675495,610453557.941
2023-10-25,2.316,2.335,2.31,2.32,2819862,655334934.006
2023-10-26,2.315,2.34,2.297,2.333,1829258,423295184.364
2023-10-27,2.34,2.388,2.318,2.382,2409939,568302918.608
2023-10-30,2.361,2.417,2.361,2.41,2092363,501474224.681
2023-10-31,2.41,2.411,2.386,2.394,1818660,436024451.958
2023-11-01,2.395,2.404,2.385,2.397,1696394,405687283.305
2023-11-02,2.396,2.406,2.367,2.368,1927496,459066411.722
2023-11-03,2.364,2.408,2.364,2.398,2271055,543920699.841
2023-11-06,2.407,2.448,2.407,2.447,2441127,594505359.988
2023-11-07,2.44,2.466,2.437,2.456,2862170,701654570.453
2023-11-08,2.444,2.473,2.444,2.47,1886424,464506616.163
2023-11-09,2.465,2.475,2.443,2.45,1615551,396691964.887
2023-11-10,2.444,2.45,2.431,2.445,1397559,341179483.989
2023-11-13,2.447,2.47,2.446,2.468,1239367,304258048.172
2023-11-14,2.46,2.489,2.46,2.485,1934282,479100755.354
2023-11-15,2.496,2.506,2.482,2.495,1652506,411535755.428
2023-11-16,2.492,2.492,2.464,2.466,2016771,499317930.296
2023-11-17,2.456,2.49,2.456,2.488,1148802,284117794.169
2023-11-20,2.488,2.513,2.481,2.513,1819247,454011112.324
2023-11-21,2.518,2.519,2.491,2.494,1218598,305338756.145
2023-11-22,2.487,2.501,2.461,2.467,1403589,348185030.73
2023-11-23,2.462,2.491,2.451,2.489,1285869,318125092.883
2023-11-24,2.48,2.489,2.447,2.457,1292025,318347246.828
2023-11-27,2.452,2.462,2.438,2.456,863404,211424879.545
2023-11-28,2.456,2.47,2.434,2.47,1056641,259495381.965
2023-11-29,2.47,2.471,2.451,2.455,1031466,253795170.031
2023-11-30,2.453,2.455,2.42,2.448,2073270,504926462.072
2023-12-01,2.445,2.469,2.429,2.462,1050703,257006796.283
2023-12-04,2.458,2.469,2.451,2.458,930979,229093604.133
2023-12-05,2.45,2.45,2.403,2.405,871178,211248401.684
2023-12-06,2.409,2.438,2.397,2.419,943558,227946651.694
2023-12-07,2.421,2.43,2.401,2.418,1610047,389279749.227
2023-12-08,2.418,2.435,2.413,2.413,1241543,300653654.633
2023-12-11,2.412,2.447,2.39,2.442,2089533,504711155.393
2023-12-12,2.442,2.447,2.431,2.445,1671505,407595399.58
2023-12-13,2.438,2.441,2.417,2.422,1357078,330232090.81
2023-12-14,2.442,2.442,2.405,2.41,923527,223669350.657
2023-12-15,2.41,2.424,2.385,2.394,954136,229187704.449
2023-12-18,2.388,2.389,2.35,2.356,704717,167024677.729
2023-12-19,2.354,2.369,2.341,2.357,710058,167130008.88
2023-12-20,2.358,2.362,2.319,2.32,766336,179171476.57
2023-12-21,2.301,2.338,2.287,2.328,1016170,234843239.222
2023-12-22,2.328,2.342,2.3,2.309,1210979,280725866.673
2023-12-25,2.306,2.315,2.29,2.305,868085,199764561.98
2023-12-26,2.295,2.301,2.267,2.275,919942,209568215.525
2023-12-27,2.275,2.295,2.266,2.29,1182422,269647123.951
2023-12-28,2.275,2.341,2.275,2.335,1573302,364702530.062
2023-12-29,2.328,2.37,2.328,2.365,951692,224267095.268
2024-01-02,2.361,2.376,2.349,2.35,1025033,241923657.356
2024-01-03,2.35,2.355,2.324,2.338,1310605,305983838.329
2024-01-04,2.332,2.334,2.311,2.325,1252871,290915805.675
2024-01-05,2.313,2.329,2.274,2.286,1075716,248013509.614
2024-01-08,2.286,2.286,2.223,2.229,1060834,238377132.092
2024-01-09,2.23,2.252,2.215,2.235,1240351,277011446.242
2024-01-10,2.233,2.248,2.194,2.22,975484,216041911.515
2024-01-11,2.219,2.267,2.215,2.251,1136224,254900619.165
2024-01-12,2.244,2.271,2.24,2.241,1093481,246583187.578
2024-01-15,2.238,2.256,2.217,2.233,931717,208573742.279
2024-01-16,2.236,2.237,2.195,2.225,1299223,288112295.09
2024-01-17,2.215,2.221,2.169,2.17,699379,153800843.935
2024-01-18,2.148,2.167,2.097,2.163,1214812,259001964.997
2024-01-19,2.152,2.167,2.131,2.136,592583,127362966.841
2024-01-22,2.136,2.136,2.001,2.014,1692242,346556681.943
2024-01-23,2.006,2.051,1.983,2.043,1023639,208089245.563
2024-01-24,2.045,2.073,1.994,2.07,866178,176530117.282
2024-01-25,2.06,2.147,2.055,2.146,821843,173276866.94
2024-01-26,2.135,2.151,2.111,2.12,604484,129175354.92
2024-01-29,2.12,2.134,2.061,2.063,539445,112647858.047
2024-01-30,2.042,2.069,2.002,2.017,651543,132620564.585
2024-01-31,2.007,2.007,1.924,1.934,1149539,225062679.956
2024-02-01,1.915,1.958,1.888,1.913,1202497,231235103.349
2024-02-02,1.913,1.935,1.786,1.85,1141680,212832270.815
2024-02-05,1.821,1.829,1.686,1.724,1214988,213765962.664
2024-02-06,1.7,1.876,1.683,1.862,5551499,977617962.727
2024-02-07,1.858,1.954,1.85,1.935,8885843,1709926994.51
2024-02-08,1.939,2.04,1.939,2.009,3360183,675532853.465
2024-02-19,2.035,2.039,1.992,2.015,3643389,733100275.928
2024-02-20,2.0,2.034,1.985,2.024,1480277,297225900.324
2024-02-21,2.0,2.094,1.998,2.035,2777171,571219564.911
2024-02-22,2.031,2.073,2.03,2.071,1654565,339541383.802
2024-02-23,2.069,2.103,2.052,2.102,1451370,301389995.543
2024-02-26,2.1,2.14,2.086,2.106,1826128,385583324.316
2024-02-27,2.102,2.168,2.091,2.168,1570478,334536378.321
2024-02-28,2.185,2.203,2.068,2.069,3120207,670608170.669
2024-02-29,2.057,2.152,2.056,2.147,1921260,405957881.256
2024-03-01,2.14,2.175,2.136,2.171,1684055,363454122.159
2024-03-04,2.166,2.184,2.139,2.179,1951562,421931556.606
2024-03-05,2.157,2.173,2.142,2.162,3348969,723808823.672
2024-03-06,2.15,2.184,2.133,2.158,1694521,365933093.166
2024-03-07,2.159,2.183,2.127,2.13,1216699,261469319.61
2024-03-08,2.131,2.165,2.12,2.154,1323369,283962123.489
2024-03-11,2.149,2.197,2.146,2.196,2290188,496714374.701
2024-03-12,2.198,2.221,2.184,2.205,2006318,441384038.58
2024-03-13,2.205,2.235,2.197,2.218,1000118,221427600.272
2024-03-14,2.209,2.226,2.18,2.204,1751446,386287357.179
2024-03-15,2.202,2.234,2.19,2.234,883934,195030274.312
2024-03-18,2.234,2.271,2.231,2.271,868782,195023149.656
2024-03-19,2.27,2.273,2.249,2.251,687653,155517750.771
2024-03-20,2.25,2.276,2.248,2.271,985368,222988369.275
2024-03-21,2.277,2.285,2.258,2.269,1117404,253775845.966
2024-03-22,2.263,2.278,2.227,2.246,958190,214994042.929
2024-03-25,2.246,2.252,2.194,2.196,798082,177935661.084
2024-03-26,2.185,2.208,2.163,2.185,985816,215744220.722
2024-03-27,2.175,2.18,2.114,2.119,1332868,286530532.847
2024-03-28,2.123,2.184,2.113,2.162,1349731,291782099.902
2024-03-29,2.157,2.187,2.145,2.187,1295893,280586352.62
2024-04-01,2.194,2.236,2.194,2.236,1354286,300824717.218
2024-04-02,2.233,2.233,2.205,2.221,955235,211852000.613
2024-04-03,2.218,2.218,2.189,2.207,710811,156526591.209
2024-04-08,2.2,2.205,2.166,2.168,858787,187819350.505
2024-04-09,2.167,2.198,2.163,2.197,1003369,218303238.273
2024-04-10,2.19,2.19,2.139,2.154,635255,137269306.621
2024-04-11,2.145,2.186,2.14,2.162,631750,136824444.408
2024-04-12,2.161,2.173,2.14,2.145,681930,147040532.068
2024-04-15,2.141,2.154,2.093,2.127,863056,183315965.967
2024-04-16,2.122,2.122,2.031,2.038,925945,191453706.599
2024-04-17,2.056,2.126,2.054,2.125,773386,162205150.861
2024-04-18,2.118,2.148,2.099,2.12,620016,131757857.099
2024-04-19,2.104,2.134,2.097,2.114,659064,139266517.734
2024-04-22,2.107,2.133,2.082,2.104,527557,111358635.368
2024-04-23,2.111,2.115,2.084,2.093,860280,180646633.192
2024-04-24,2.088,2.132,2.088,2.13,705521,149144910.262
2024-04-25,2.122,2.154,2.112,2.134,518143,110750041.951
2024-04-26,2.134,2.179,2.133,2.179,966972,209028327.419
2024-04-29,2.178,2.233,2.178,2.227,1776267,393663669.99
2024-04-30,2.227,2.229,2.201,2.207,934992,206890044.904
2024-05-06,2.229,2.256,2.229,2.252,1287606,289334747.636
2024-05-07,2.252,2.262,2.244,2.257,1114661,251154317.594
2024-05-08,2.245,2.25,2.219,2.223,846355,188989609.633
2024-05-09,2.218,2.267,2.218,2.256,823972,185768866.446
2024-05-10,2.257,2.27,2.228,2.239,979347,219469346.418
2024-05-13,2.232,2.236,2.199,2.218,530818,117630291.428
2024-05-14,2.218,2.243,2.218,2.229,656996,146622142.639
2024-05-15,2.226,2.232,2.205,2.211,676243,149959948.978
2024-05-16,2.212,2.229,2.197,2.204,531455,117859145.806
2024-05-17,2.198,2.239,2.198,2.237,1031455,229045935.761
2024-05-20,2.237,2.257,2.229,2.248,1522259,341740217.604
2024-05-21,2.245,2.245,2.216,2.225,816607,182065098.311
2024-05-22,2.223,2.234,2.213,2.227,773047,172120109.569
2024-05-23,2.222,2.222,2.171,2.178,511753,111995336.272
2024-05-24,2.17,2.188,2.15,2.152,602410,130514052.603
2024-05-27,2.153,2.173,2.128,2.17,515589,110682334.894
2024-05-28,2.168,2.179,2.149,2.152,468865,101368381.138
2024-05-29,2.148,2.17,2.142,2.155,750278,161608647.543
2024-05-30,2.149,2.165,2.138,2.15,468683,100910005.497
2024-05-31,2.151,2.17,2.151,2.157,464882,100522454.779
2024-06-03,2.157,2.158,2.114,2.129,670224,143211761.372
2024-06-04,2.124,2.147,2.111,2.145,562405,119504600.081
2024-06-05,2.138,2.149,2.117,2.118,355855,76041168.308
2024-06-06,2.125,2.131,2.065,2.079,798478,166607289.324
2024-06-07,2.094,2.098,2.058,2.082,730644,152008204.553
2024-06-11,2.077,2.107,2.053,2.101,675627,140364608.594
2024-06-12,2.085,2.113,2.085,2.106,421061,88687569.536
2024-06-13,2.109,2.111,2.09,2.094,382524,80217880.593
2024-06-14,2.089,2.104,2.079,2.096,594091,124184190.062
2024-06-17,2.092,2.108,2.084,2.097,372521,78248087.913
2024-06-18,2.097,2.119,2.093,2.115,606617,128017222.98
2024-06-19,2.116,2.122,2.085,2.086,564011,118094532.157
2024-06-20,2.088,2.092,2.045,2.047,594288,122725388.351
2024-06-21,2.047,2.06,2.033,2.049,538716,110157508.074
2024-06-24,2.048,2.048,1.977,1.983,633893,127355299.651
2024-06-25,1.985,1.989,1.95,1.966,580320,114546170.19
2024-06-26,1.966,2.023,1.95,2.019,967950,192157619.929
2024-06-27,2.003,2.013,1.972,1.974,772228,153530982.962
2024-06-28,1.96,2.015,1.96,1.983,1040164,208075456.908
2024-07-01,1.986,2.009,1.96,2.0,962247,190612531.276
2024-07-02,1.994,2.006,1.979,1.988,643940,128281572.796
2024-07-03,1.987,1.989,1.968,1.976,486687,96361889.386
2024-07-04,1.981,1.981,1.922,1.934,1150965,223618705.851
2024-07-05,1.932,1.959,1.911,1.953,615837,118841755.994
2024-07-08,1.936,1.944,1.896,1.907,722429,138537254.853
2024-07-09,1.909,1.951,1.886,1.941,1073320,205800812.003
2024-07-10,1.941,1.957,1.933,1.936,1142037,221908264.774
2024-07-11,1.958,1.988,1.955,1.988,922824,182255127.822
2024-07-12,1.988,1.988,1.97,1.978,404526,80105151.761
2024-07-15,1.978,1.978,1.953,1.959,1715009,337092913.501
2024-07-16,1.955,1.964,1.942,1.961,1292138,252291568.227
2024-07-17,1.956,1.964,1.942,1.95,3703943,723552731.057
2024-07-18,1.943,1.958,1.914,1.949,3364498,650175212.526
2024-07-19,1.934,1.974,1.934,1.96,1264360,247627391.89
2024-07-22,1.953,1.969,1.944,1.962,1270777,249086759.676
2024-07-23,1.961,1.963,1.905,1.905,411625,79501285.065
2024-07-24,1.907,1.912,1.877,1.878,1469453,278575684.694
2024-07-25,1.878,1.903,1.864,1.884,1401568,264208742.454
2024-07-26,1.884,1.915,1.88,1.908,766113,146075348.352
2024-07-29,1.902,1.912,1.895,1.905,530522,100874869.167
2024-07-30,1.896,1.918,1.881,1.908,688223,130817126.454
2024-07-31,1.91,1.989,1.903,1.989,2210691,433631240.289
2024-08-01,1.996,2.005,1.969,1.98,1145071,227359318.124
2024-08-02,1.974,1.992,1.949,1.953,755133,148870176.376
2024-08-05,1.942,1.973,1.899,1.903,1357587,262540897.699
2024-08-06,1.927,1.938,1.906,1.927,863755,166079794.022
2024-08-07,1.927,1.938,1.914,1.925,959978,185049743.757
2024-08-08,1.921,1.942,1.898,1.927,702217,134877228.351
2024-08-09,1.928,1.948,1.91,1.911,654289,126101958.008
2024-08-12,1.914,1.914,1.89,1.899,997799,189544098.401
2024-08-13,1.899,1.911,1.884,1.907,1148673,217616467.921
2024-08-14,1.905,1.909,1.887,1.89,878971,166523480.486
2024-08-15,1.888,1.929,1.878,1.904,1148313,219186891.345
2024-08-16,1.904,1.912,1.889,1.892,825221,156678346.52
2024-08-19,1.883,1.918,1.883,1.896,479107,91045484.28
2024-08-20,1.897,1.897,1.853,1.86,672630,125498806.617
2024-08-21,1.843,1.865,1.843,1.849,291505,54065977.548
2024-08-22,1.85,1.855,1.824,1.828,364529,66889635.416
2024-08-23,1.827,1.835,1.816,1.829,1105666,201979905.928
2024-08-26,1.829,1.844,1.822,1.831,1376641,252426249.195
2024-08-27,1.831,1.831,1.809,1.815,2290382,416599977.725
2024-08-28,1.815,1.834,1.805,1.819,1079746,196587445.201
2024-08-29,1.807,1.855,1.807,1.848,1030026,189166986.0
2024-08-30,1.847,1.911,1.845,1.88,2997580,566371269.06
2024-09-02,1.872,1.888,1.839,1.839,1503831,280212197.818
2024-09-03,1.839,1.872,1.838,1.857,749406,138955184.409
2024-09-04,1.841,1.869,1.841,1.851,1051628,194807271.455
2024-09-05,1.852,1.878,1.852,1.864,1227590,228634756.119
2024-09-06,1.87,1.872,1.829,1.833,1185186,218863269.24
2024-09-09,1.828,1.841,1.812,1.82,631073,115030859.669
2024-09-10,1.827,1.834,1.788,1.825,1067173,192856657.904
2024-09-11,1.815,1.83,1.81,1.828,1340849,244373953.481
2024-09-12,1.831,1.849,1.817,1.817,938413,172319073.814
2024-09-13,1.816,1.825,1.795,1.796,850395,153795550.964
2024-09-18,1.792,1.798,1.764,1.791,1390912,247522822.943
2024-09-19,1.791,1.843,1.782,1.824,1744974,317293051.913
2024-09-20,1.815,1.823,1.799,1.814,1996255,361009230.085
2024-09-23,1.805,1.839,1.805,1.817,563000,102558070.631
2024-09-24,1.829,1.893,1.814,1.891,2056482,381470395.157
2024-09-25,1.906,1.953,1.904,1.904,1432021,276229649.946
2024-09-26,1.892,1.989,1.892,1.989,2745475,535625868.479
2024-09-27,2.016,2.188,2.013,2.153,6723994,1404890776.945
2024-09-30,2.208,2.368,2.164,2.368,3722270,838736714.449
2024-10-08,2.605,2.605,2.394,2.539,3478359,874400152.928
2024-10-09,2.495,2.495,2.3,2.322,2746612,658658621.023
2024-10-10,2.333,2.395,2.277,2.295,3271257,762104816.463
2024-10-11,2.285,2.29,2.171,2.196,3583952,793456853.424
2024-10-14,2.202,2.283,2.169,2.282,2596405,577699456.715
2024-10-15,2.253,2.314,2.234,2.236,2197799,499915635.295
2024-10-16,2.215,2.279,2.207,2.24,2050732,460525389.173
2024-10-17,2.251,2.284,2.232,2.232,1078398,244123748.449
2024-10-18,2.232,2.42,2.228,2.333,2588017,597643742.026
2024-10-21,2.333,2.415,2.331,2.378,2677359,637986866.106
2024-10-22,2.37,2.412,2.36,2.387,2401852,572590277.521
2024-10-23,2.395,2.437,2.375,2.393,1288499,309177109.469
2024-10-24,2.381,2.391,2.361,2.381,1303491,309425272.598
2024-10-25,2.381,2.446,2.381,2.432,1219128,294849474.362
2024-10-28,2.443,2.471,2.419,2.468,1043943,255827120.564
2024-10-29,2.468,2.483,2.429,2.433,2758724,677038664.022
2024-10-30,2.424,2.456,2.415,2.45,2274878,554032042.67
2024-10-31,2.442,2.518,2.436,2.492,2506505,622650459.817
2024-11-01,2.487,2.487,2.407,2.412,1077112,262159015.496
2024-11-04,2.412,2.459,2.403,2.459,1501411,366233902.839
2024-11-05,2.452,2.558,2.452,2.547,2557435,646483714.08
2024-11-06,2.548,2.588,2.536,2.563,1714996,439911667.167
2024-11-07,2.553,2.605,2.538,2.603,1712668,441356345.488
2024-11-08,2.61,2.649,2.595,2.615,1004031,263596126.149
2024-11-11,2.59,2.671,2.59,2.671,966529,254834461.665
2024-11-12,2.673,2.686,2.616,2.63,1144615,303692438.51
2024-11-13,2.62,2.642,2.582,2.626,1725295,448384118.818
2024-11-14,2.626,2.626,2.546,2.549,1155433,298904711.911
2024-11-15,2.534,2.568,2.489,2.489,1481206,376345206.622
2024-11-18,2.487,2.506,2.41,2.422,1604536,393393295.833
2024-11-19,2.423,2.486,2.418,2.485,1204908,295507639.046
2024-11-20,2.48,2.54,2.45,2.536,712631,178533820.206
2024-11-21,2.528,2.552,2.515,2.537,1164550,295347502.386
2024-11-22,2.521,2.549,2.445,2.456,843947,210926566.198
2024-11-25,2.459,2.466,2.414,2.456,790423,193016581.502
2024-11-26,2.434,2.474,2.427,2.427,709481,173511408.624
2024-11-27,2.395,2.488,2.38,2.486,543400,132010164.894
2024-11-28,2.486,2.505,2.466,2.473,697438,173834454.814
2024-11-29,2.473,2.537,2.451,2.514,570260,142563001.097
2024-12-02,2.512,2.571,2.512,2.563,434998,110979436.055
2024-12-03,2.567,2.579,2.532,2.561,832852,212937984.39
2024-12-04,2.552,2.558,2.508,2.521,821773,208427881.519
2024-12-05,2.507,2.561,2.507,2.55,386594,98350484.369
2024-12-06,2.546,2.595,2.527,2.579,699654,179333727.829
2024-12-09,2.579,2.587,2.539,2.558,363680,93320232.172
2024-12-10,2.634,2.666,2.582,2.585,1025643,268103610.466
2024-12-11,2.578,2.622,2.578,2.614,422268,110196632.415
2024-12-12,2.616,2.638,2.595,2.634,519704,136187667.709
2024-12-13,2.625,2.625,2.581,2.583,1207565,314362268.622
2024-12-16,2.582,2.593,2.54,2.552,667746,170992550.918
2024-12-17,2.55,2.55,2.491,2.495,1595398,400357193.34
2024-12-18,2.498,2.534,2.487,2.514,633042,159106934.145
2024-12-19,2.495,2.53,2.478,2.522,1118367,279251400.439
2024-12-20,2.524,2.566,2.515,2.547,514943,131136344.668
2024-12-23,2.54,2.547,2.475,2.479,1154687,290019177.02
2024-12-24,2.486,2.503,2.466,2.501,579333,144028977.705
2024-12-25,2.489,2.498,2.453,2.476,1035608,256015195.49
2024-12-26,2.473,2.511,2.473,2.499,1076906,269336886.166
2024-12-27,2.5,2.54,2.489,2.505,503760,126694513.492
2024-12-30,2.496,2.516,2.479,2.495,443075,110616929.011
2024-12-31,2.5,2.505,2.419,2.422,561159,137918413.133
2025-01-02,2.424,2.429,2.333,2.354,905784,215853905.763
2025-01-03,2.354,2.363,2.281,2.285,1630610,378906882.639
2025-01-06,2.287,2.309,2.26,2.277,975393,222413273.786
2025-01-07,2.275,2.31,2.265,2.309,775135,177577864.366
2025-01-08,2.297,2.319,2.234,2.301,1790986,406836774.81
2025-01-09,2.289,2.32,2.281,2.305,1250217,288540469.971
2025-01-10,2.3,2.325,2.255,2.255,651364,148995544.659
2025-01-13,2.216,2.276,2.216,2.258,817722,183155678.217
2025-01-14,2.268,2.365,2.259,2.36,2045436,476741091.158
2025-01-15,2.359,2.36,2.335,2.346,1000267,234829677.903
2025-01-16,2.353,2.401,2.338,2.356,1227335,290683487.059
2025-01-17,2.351,2.392,2.338,2.372,929060,220155600.045
2025-01-20,2.384,2.409,2.378,2.388,717955,171946290.542
2025-01-21,2.404,2.406,2.368,2.398,627702,149595956.364
2025-01-22,2.394,2.394,2.365,2.38,1667128,396888445.467
2025-01-23,2.395,2.436,2.37,2.372,1426475,343529214.06
2025-01-24,2.369,2.417,2.366,2.412,1511407,362961444.472
2025-01-27,2.416,2.429,2.374,2.377,1003067,240108951.05
2025-02-05,2.389,2.411,2.375,2.388,1016402,243171954.826
2025-02-06,2.384,2.458,2.375,2.455,1353982,329479485.555
2025-02-07,2.456,2.522,2.449,2.495,2437548,607010552.945
2025-02-10,2.498,2.528,2.488,2.521,948735,238283069.298
2025-02-11,2.521,2.526,2.492,2.514,810749,203504587.892
2025-02-12,2.508,2.553,2.507,2.552,908848,230178137.64
2025-02-13,2.55,2.552,2.522,2.526,864424,219148300.763
2025-02-14,2.525,2.542,2.512,2.537,2661435,672510495.029
2025-02-17,2.549,2.562,2.531,2.553,1180865,300960305.486
2025-02-18,2.545,2.553,2.486,2.501,1271746,321060517.708
2025-02-19,2.492,2.556,2.491,2.554,679042,172104139.518
2025-02-20,2.553,2.583,2.549,2.579,1414747,362742165.091
2025-02-21,2.578,2.631,2.564,2.62,775141,202111136.62
2025-02-24,2.62,2.639,2.6,2.623,2046509,536251793.239
2025-02-25,2.585,2.637,2.583,2.61,536002,140381959.271
2025-02-26,2.614,2.658,2.606,2.646,1030656,271341815.296
2025-02-27,2.646,2.657,2.6,2.635,710206,187188161.59
2025-02-28,2.627,2.627,2.541,2.547,1020674,263235163.348
2025-03-03,2.556,2.589,2.534,2.548,1031305,263384712.153
2025-03-04,2.525,2.584,2.525,2.58,892200,228983757.124
2025-03-05,2.579,2.599,2.562,2.598,1690847,435612458.893
2025-03-06,2.603,2.66,2.603,2.655,402984,106259260.427
2025-03-07,2.656,2.668,2.625,2.64,963224,254907388.067
2025-03-10,2.642,2.654,2.623,2.641,806585,212938308.019
2025-03-11,2.632,2.658,2.612,2.658,787254,207902666.318
2025-03-12,2.667,2.695,2.662,2.667,682548,182244141.112
2025-03-13,2.666,2.667,2.603,2.623,676243,177633160.531
2025-03-14,2.62,2.673,2.609,2.67,1090696,289836599.285
2025-03-17,2.677,2.683,2.66,2.671,905269,242093906.862
2025-03-18,2.677,2.699,2.673,2.682,619854,166521276.019
2025-03-19,2.679,2.681,2.654,2.667,648982,173074028.667
2025-03-20,2.661,2.679,2.648,2.653,669198,178057340.194
2025-03-21,2.642,2.65,2.594,2.6,1003361,262464996.655
2025-03-24,2.591,2.603,2.538,2.581,1081371,277883773.424
2025-03-25,2.58,2.589,2.551,2.566,862116,221614952.809
2025-03-26,2.558,2.589,2.558,2.573,742055,191111211.721
2025-03-27,2.567,2.596,2.538,2.571,592796,152065236.051
2025-03-28,2.566,2.582,2.541,2.548,684891,175169312.892
2025-03-31,2.535,2.544,2.497,2.528,775858,195273832.647
2025-04-01,2.529,2.559,2.529,2.54,758461,192835378.364
2025-04-02,2.537,2.566,2.534,2.551,418262,106753402.357
2025-04-03,2.525,2.56,2.507,2.523,534078,135029381.621
2025-04-07,2.4,2.431,2.271,2.271,1571512,366392330.062
2025-04-08,2.225,2.297,2.203,2.249,10719626,2395661781.476
2025-04-09,2.206,2.312,2.123,2.293,2599443,585400286.446
2025-04-10,2.329,2.39,2.329,2.348,858462,202568137.001
2025-04-11,2.327,2.407,2.326,2.378,660527,157096972.445
2025-04-14,2.404,2.427,2.398,2.407,1690316,407062896.802
2025-04-15,2.411,2.414,2.385,2.398,315078,75514691.871
2025-04-16,2.399,2.399,2.341,2.367,1221573,289028402.13
2025-04-17,2.354,2.394,2.354,2.371,1171386,279141735.446
2025-04-18,2.362,2.38,2.351,2.364,1431576,338232965.003
2025-04-21,2.365,2.416,2.351,2.414,678702,161753806.204
2025-04-22,2.405,2.426,2.403,2.415,497943,120081177.121
2025-04-23,2.425,2.448,2.417,2.431,1049848,255722448.594
2025-04-24,2.423,2.434,2.394,2.406,1089472,262242412.381
2025-04-25,2.409,2.431,2.396,2.415,901234,217669093.652
2025-04-28,2.413,2.413,2.38,2.388,821528,196365797.545
2025-04-29,2.379,2.406,2.372,2.397,378568,90582219.247
2025-04-30,2.403,2.426,2.401,2.415,1148485,277590462.938
2025-05-06,2.426,2.476,2.426,2.475,680175,167253809.647
2025-05-07,2.516,2.527,2.462,2.481,1336190,332342145.648
2025-05-08,2.468,2.508,2.468,2.5,612245,152776108.88
2025-05-09,2.496,2.499,2.458,2.473,2691374,666240180.704
2025-05-12,2.481,2.507,2.481,2.507,754826,188294980.734
2025-05-13,2.527,2.527,2.492,2.499,615317,154331922.053
2025-05-14,2.492,2.521,2.482,2.503,1761783,440408932.757
2025-05-15,2.501,2.501,2.461,2.464,1002820,248020202.686
2025-05-16,2.456,2.48,2.456,2.464,1628465,402275931.058
2025-05-19,2.464,2.481,2.441,2.477,766458,188632579.309
2025-05-20,2.477,2.505,2.469,2.496,338725,84123429.717
2025-05-21,2.492,2.496,2.482,2.495,302194,75244948.111
2025-05-22,2.492,2.504,2.466,2.469,592359,146887940.912
2025-05-23,2.466,2.48,2.434,2.434,651829,160329699.305
2025-05-26,2.442,2.457,2.43,2.45,457988,111968893.68
2025-05-27,2.441,2.451,2.428,2.446,580261,141515699.297
2025-05-28,2.445,2.451,2.429,2.438,1575537,384129794.234
2025-05-29,2.435,2.481,2.435,2.48,628695,154976278.388
2025-05-30,2.477,2.477,2.451,2.456,813926,200206222.129
2025-06-03,2.456,2.48,2.446,2.47,510461,126015500.973
2025-06-04,2.466,2.496,2.464,2.495,828098,205926761.564
2025-06-05,2.494,2.516,2.485,2.515,697458,174513788.952
2025-06-06,2.512,2.515,2.502,2.51,270472,67800241.985
2025-06-09,2.514,2.541,2.51,2.536,439375,111238319.134
2025-06-10,2.534,2.534,2.488,2.511,387793,97356661.936
2025-06-11,2.511,2.539,2.511,2.52,505396,127708378.745
2025-06-12,2.519,2.53,2.507,2.525,738604,186331986.524
2025-06-13,2.523,2.523,2.487,2.497,1216783,304251493.504
2025-06-16,2.491,2.513,2.487,2.508,306866,76824306.787
2025-06-17,2.516,2.517,2.497,2.506,409986,102653017.445
2025-06-18,2.495,2.509,2.485,2.503,818738,204164449.199
2025-06-19,2.498,2.507,2.464,2.471,1589757,394557481.046
2025-06-20,2.471,2.477,2.451,2.453,453484,111669852.683
2025-06-23,2.443,2.484,2.439,2.48,574668,141948991.676
2025-06-24,2.475,2.53,2.475,2.527,762227,192030714.5
2025-06-25,2.527,2.57,2.527,2.566,639126,162964568.154
2025-06-26,2.555,2.577,2.554,2.556,686643,176226738.568
2025-06-27,2.553,2.584,2.553,2.566,1388097,356517665.321
2025-06-30,2.564,2.599,2.564,2.599,1240100,320723083.932
2025-07-01,2.589,2.606,2.576,2.602,454613,117908527.049
2025-07-02,2.592,2.598,2.57,2.579,661853,170802494.141
2025-07-03,2.57,2.595,2.57,2.595,901377,232901935.805
2025-07-04,2.59,2.61,2.573,2.585,509742,131688215.402
2025-07-07,2.576,2.593,2.576,2.588,247446,63970099.838
2025-07-08,2.586,2.624,2.579,2.623,432261,112901025.125
2025-07-09,2.624,2.63,2.61,2.616,270398,70878295.52
2025-07-10,2.614,2.632,2.606,2.622,261870,68556912.78
2025-07-11,2.616,2.656,2.611,2.646,793124,209483912.774
2025-07-14,2.643,2.652,2.634,2.645,1151831,304299103.118
2025-07-15,2.64,2.649,2.611,2.633,838042,220257718.392
2025-07-16,2.636,2.657,2.63,2.643,490678,129720412.051
2025-07-17,2.641,2.676,2.638,2.676,478862,127417193.896
2025-07-18,2.675,2.689,2.667,2.684,433832,116217873.875
2025-07-21,2.682,2.707,2.677,2.704,671590,181249693.989
2025-07-22,2.7,2.72,2.698,2.717,475051,128723382.671
2025-07-23,2.708,2.734,2.701,2.713,656979,178626014.411
2025-07-24,2.712,2.748,2.702,2.748,703891,192328747.069
2025-07-25,2.748,2.748,2.731,2.743,558747,153196874.372
2025-07-28,2.743,2.76,2.731,2.75,952965,261760772.101
2025-07-29,2.753,2.774,2.733,2.774,505776,139076993.576
2025-07-30,2.767,2.772,2.73,2.748,746494,205842699.801
2025-07-31,2.745,2.761,2.718,2.727,513764,141100393.426
2025-08-01,2.718,2.746,2.712,2.731,739203,201738683.828
2025-08-04,2.706,2.765,2.706,2.765,355096,97265229.236
2025-08-05,2.765,2.78,2.759,2.779,338735,93780577.781
2025-08-06,2.779,2.814,2.773,2.813,336531,94045339.042
2025-08-07,2.816,2.818,2.789,2.807,476960,133817503.098
2025-08-08,2.8,2.811,2.791,2.801,287705,80550179.111
2025-08-11,2.805,2.852,2.805,2.844,504806,142890592.49
2025-08-12,2.837,2.852,2.826,2.852,392278,111427549.95
2025-08-13,2.855,2.898,2.852,2.885,568997,163572394.761
2025-08-14,2.894,2.9,2.85,2.862,488739,140812651.251
2025-08-15,2.855,2.918,2.852,2.915,696470,201921776.457
2025-08-18,2.921,2.981,2.921,2.968,1356400,401489979.158
2025-08-19,2.966,2.985,2.946,2.96,961612,285327758.033
2025-08-20,2.949,2.999,2.933,2.997,956166,282830894.042
2025-08-21,2.995,3.011,2.957,2.969,902991,268955812.531
2025-08-22,2.97,3.024,2.968,3.022,987872,296517276.868
2025-08-25,3.024,3.081,3.024,3.061,1856635,566272718.395
2025-08-26,3.061,3.085,3.042,3.063,710385,217359243.371
2025-08-27,3.058,3.099,3.0,3.0,636344,194992617.421
2025-08-28,2.999,3.051,2.961,3.05,1455006,438460935.41
2025-08-29,3.042,3.067,3.019,3.043,695614,211451077.666
2025-09-01,3.051,3.075,3.04,3.069,563596,172404322.682
2025-09-02,3.069,3.069,2.972,2.998,688656,207030258.197
2025-09-03,2.997,3.012,2.938,2.951,694455,206949612.494
2025-09-04,2.95,2.978,2.845,2.885,728942,212226809.55
2025-09-05,2.885,2.974,2.872,2.966,654767,191892183.628
2025-09-08,2.964,3.001,2.954,2.991,854625,254110403.882
2025-09-09,2.986,2.998,2.946,2.964,274178,81563038.961
2025-09-10,2.963,2.992,2.941,2.959,384143,113909524.689
2025-09-11,2.956,3.037,2.931,3.035,508736,151762346.346
2025-09-12,3.045,3.063,3.028,3.043,475018,144655787.974
2025-09-15,3.043,3.055,3.033,3.034,374298,113902635.887
2025-09-16,3.036,3.072,3.015,3.064,402240,122413039.293
2025-09-17,3.064,3.103,3.054,3.1,746206,230160698.838
2025-09-18,3.096,3.14,3.03,3.063,970552,300336136.427
2025-09-19,3.048,3.082,3.032,3.046,545654,166916906.368
2025-09-22,3.045,3.069,3.038,3.067,452829,138203546.529
2025-09-23,3.067,3.074,2.98,3.038,502344,151727284.241
2025-09-24,3.021,3.09,3.008,3.09,343744,104991704.894
2025-09-25,3.075,3.099,3.072,3.081,377226,116360598.317
2025-09-26,3.074,3.081,3.035,3.035,504759,154336967.959
2025-09-29,3.044,3.085,3.024,3.074,1039477,319034490.152
2025-09-30,3.074,3.114,3.074,3.105,619917,192061918.128
2025-10-09,3.105,3.142,3.105,3.133,538503,168597453.077
2025-10-10,3.11,3.122,3.08,3.091,724103,224369083.455
2025-10-13,3.012,3.088,2.848,3.075,1019102,310357134.005
2025-10-14,3.087,3.119,3.01,3.025,1092715,335775757.938
2025-10-15,3.024,3.067,3.0,3.066,461506,140049737.526
2025-10-16,3.054,3.064,3.025,3.038,715481,217782897.283
2025-10-17,3.028,3.047,2.945,2.949,960416,287457203.653
2025-10-20,2.961,2.994,2.953,2.967,584261,173442817.1
2025-10-21,2.972,3.015,2.968,3.008,1703518,511796146.634
2025-10-22,2.989,3.013,2.981,3.002,999607,299410755.576
2025-10-23,2.997,3.005,2.949,2.99,381927,113407642.032
2025-10-24,2.989,3.044,2.989,3.042,765570,231985741.186
2025-10-27,3.055,3.081,3.047,3.07,539439,165472364.125
2025-10-28,3.063,3.093,2.824,3.064,291633,89581197.313
2025-10-29,3.067,3.106,3.061,3.104,339449,104530020.523
2025-10-30,3.1,3.106,3.069,3.072,443986,137105173.324
2025-10-31,3.087,3.115,3.07,3.08,277309,85690467.082
2025-11-03,3.084,3.095,3.04,3.087,437123,133811830.52
2025-11-04,3.078,3.085,3.03,3.051,825587,252610751.635
2025-11-05,3.036,3.071,3.009,3.063,332478,101331400.347
2025-11-06,3.058,3.098,3.058,3.096,325064,100178496.493
2025-11-07,3.077,3.11,3.071,3.09,264391,81797816.992
2025-11-10,3.097,3.114,3.082,3.098,253057,78290142.649
2025-11-11,3.1,3.118,3.086,3.09,231521,71787511.478
2025-11-12,3.085,3.092,3.043,3.072,723613,221304937.12
2025-11-13,3.07,3.12,3.06,3.114,276312,85624185.883
2025-11-14,3.101,3.114,3.076,3.078,289519,89687717.763
2025-11-17,3.074,3.094,3.07,3.088,353373,108948307.463
2025-11-18,3.077,3.085,3.043,3.06,396131,121313382.406
2025-11-19,3.065,3.07,3.015,3.032,294999,89583705.739
2025-11-20,3.045,3.055,3.011,3.014,263093,79698228.013
2025-11-21,2.991,2.992,2.905,2.908,739145,218409208.423
2025-11-24,2.9,2.947,2.899,2.939,499111,145641715.042
2025-11-25,2.957,2.998,2.941,2.973,646923,192770410.533
2025-11-26,2.977,2.996,2.961,2.971,582606,173847887.948
2025-11-27,2.975,3.008,2.972,2.975,191739,57380422.218
2025-11-28,2.976,3.01,2.97,3.006,192856,57642444.975
2025-12-01,3.006,3.033,3.006,3.025,125419,37912940.445
2025-12-02,3.026,3.026,2.993,3.001,380081,114078770.648
2025-12-03,3.006,3.008,2.965,2.974,144287,43039227.134
2025-12-04,2.978,2.985,2.951,2.978,210969,62628321.626
2025-12-05,2.983,3.02,2.951,3.013,428348,128328599.746
2025-12-08,3.018,3.055,3.018,3.045,527081,160246410.189
2025-12-09,3.043,3.052,3.023,3.027,221217,67207475.911
2025-12-10,3.032,3.044,3.008,3.038,414850,125267885.61
2025-12-11,3.044,3.048,3.003,3.006,279586,84617167.547
2025-12-12,3.001,3.035,2.992,3.024,521536,156623753.007
2025-12-15,3.0,3.025,2.999,3.005,256977,77323046.726
2025-12-16,3.005,3.005,2.934,2.951,1162425,343419287.791
2025-12-17,2.935,3.001,2.935,2.991,1054875,311818110.389
2025-12-18,2.97,3.013,2.97,2.985,800008,240096328.492
2025-12-19,2.988,3.023,2.988,3.008,272118,81855374.007
2025-12-22,3.025,3.051,3.02,3.042,624412,190000133.728
2025-12-23,3.034,3.056,3.026,3.039,207322,62943393.404
2025-12-24,3.038,3.087,3.029,3.085,305846,93947813.496
2025-12-25,3.085,3.119,3.075,3.109,411464,127516281.0
2025-12-26,3.109,3.142,3.098,3.123,489332,152974770.008
2025-12-29,3.124,3.134,3.107,3.116,292681,91421041.333
2025-12-30,3.1,3.135,3.1,3.121,204341,63808159.299
2025-12-31,3.13,3.13,3.099,3.118,464112,144631196.115
2026-01-05,3.137,3.187,3.126,3.185,315369,99506951.746
2026-01-06,3.183,3.23,3.183,3.229,366922,117772420.431
2026-01-07,3.228,3.256,3.226,3.245,599667,194472889.278
2026-01-08,3.246,3.282,3.229,3.272,217613,70968414.487
2026-01-09,3.272,3.346,3.271,3.343,564153,187400698.472
2026-01-12,3.358,3.459,3.353,3.441,708392,242131381.579
2026-01-13,3.445,3.45,3.361,3.382,639689,217475883.136
2026-01-14,3.365,3.463,3.341,3.384,1397399,475962852.151
2026-01-15,3.383,3.392,3.344,3.382,347887,117310199.067
2026-01-16,3.386,3.416,3.339,3.383,3605010,1213700845.079
2026-01-19,3.374,3.407,3.349,3.393,4802134,1626599942.522
2026-01-20,3.392,3.403,3.324,3.351,2601244,873902930.188
2026-01-21,3.348,3.405,3.335,3.382,7834346,2648521120.915
2026-01-22,3.392,3.414,3.382,3.41,5543343,1881970507.55
2026-01-23,3.41,3.49,3.41,3.49,4527034,1559909155.392
2026-01-26,3.48,3.505,3.401,3.428,4589500,1581746346.689
2026-01-27,3.424,3.453,3.355,3.453,2913137,994638674.455
2026-01-28,3.445,3.456,3.413,3.441,4627438,1589215611.145
2026-01-29,3.437,3.477,3.408,3.42,2026208,697247188.635
2026-01-30,3.402,3.416,3.309,3.382,682453,230370818.136
2026-02-02,3.34,3.376,3.25,3.252,1789224,590412951.151
2026-02-03,3.29,3.375,3.277,3.375,831251,277130845.502
2026-02-04,3.372,3.375,3.32,3.357,678742,226656014.317
2026-02-05,3.339,3.344,3.287,3.312,536978,177769889.325
2026-02-06,3.295,3.346,3.256,3.3,1112903,368620503.606
2026-02-09,3.333,3.383,3.333,3.383,748810,252299297.811
2026-02-10,3.382,3.392,3.361,3.384,347165,117407539.153
2026-02-11,3.381,3.41,3.375,3.383,206455,70047925.524
2026-02-12,3.387,3.425,3.373,3.425,442199,150557541.204
2026-02-13,3.407,3.414,3.356,3.365,1327278,448716571.179
